image,mean_brightness,contrast,dark_ratio,bright_ratio,edge_count,edge_density,label
IMG_20180513_164959951_HDR resized_448.jpg,122.09614656409438,38.01434479318785,0.01633250956632653,0.02667610012755102,72585,0.3616519850127551,Cracks
IMG_20180513_165129852_HDR resized_448.jpg,131.82270408163265,29.31914817465379,0.006741270727040816,0.01175860969387755,65773,0.3277114556760204,Cracks
IMG_20180513_165150613_HDR resized_448.jpg,121.17121731505102,35.572562853952114,0.02499202806122449,0.020712093431122448,63187,0.31482680963010207,Cracks
IMG_20180513_165345878_HDR resized_448.jpg,130.11770069355867,32.74508597751128,0.008888711734693877,0.014917490433673469,71668,0.35708306760204084,Cracks
IMG_20180513_165349788_HDR resized_448.jpg,131.07999840561226,33.19935636967932,0.009740712691326531,0.016790896045918366,71719,0.3573371731505102,Cracks
IMG_20180513_165353081_HDR resized_448.jpg,136.03039799904337,32.54933870977225,0.01132015306122449,0.018265704719387755,67735,0.3374870455994898,Cracks
IMG_20180513_165451567_HDR resized_448.jpg,129.53543028539542,28.44351546666485,0.006188217474489796,0.009984853316326531,64186,0.31980428890306123,Cracks
IMG_20180513_165455803_HDR resized_448.jpg,123.32829938616071,27.840251523943287,0.009092992665816327,0.008091517857142858,64945,0.32358597735969385,Cracks
IMG_20180513_165500303_HDR resized_448.jpg,125.12835319674745,26.41693330235999,0.006641621492346939,0.0067014110331632655,62364,0.310726243622449,Cracks
IMG_20180513_165512488_HDR resized_448.jpg,128.9655213647959,34.28086044161099,0.01718949298469388,0.014075454400510204,64580,0.3217673788265306,Cracks
IMG_20180513_165515651_HDR resized_448.jpg,125.14559251434949,30.31181577319385,0.010846819196428572,0.00836555325255102,64616,0.3219467474489796,Cracks
IMG_20180513_165521775_HDR resized_448.jpg,125.30229591836735,28.733487547993946,0.009003308354591837,0.006123445471938775,63617,0.3169692681760204,Cracks
IMG_20180513_165533492_HDR resized_448.jpg,126.38171635841837,29.222190089488162,0.007453762755102041,0.00692562181122449,65679,0.32724310427295916,Cracks
IMG_20180513_165538350_HDR resized_448.jpg,123.01300920758929,31.370245778407586,0.013806401466836735,0.010413345025510204,66252,0.33009805484693877,Cracks
IMG_20180513_165547907_HDR resized_448.jpg,120.40689273756378,26.24201508859658,0.0036073022959183672,0.005645129145408163,47236,0.2353515625,Cracks
IMG_20180513_165706718_HDR resized_448.jpg,129.1435696348852,32.54449190705816,0.009451729910714286,0.011105907206632654,70495,0.3512386399872449,Cracks
IMG_20180513_165710583_HDR resized_448.jpg,129.98327885841837,33.63299453998656,0.016506895727040817,0.012132294323979591,68959,0.3435855787627551,Cracks
IMG_20180513_165717627_HDR resized_448.jpg,123.35762615593113,30.21211711919125,0.0074587452168367345,0.013402822066326531,63186,0.3148218271683674,Cracks
IMG_20180513_165733359_HDR resized_448.jpg,126.54556959502551,29.422398968938474,0.00794204400510204,0.00818618463010204,62598,0.3118921396683674,Cracks
IMG_20180513_165741688_HDR resized_448.jpg,124.8935845822704,28.879883622873756,0.007538464604591837,0.007254464285714286,59874,0.29831991390306123,Cracks
IMG_20180513_165749116_HDR resized_448.jpg,128.08677953603316,29.468275700555935,0.00661670918367347,0.00603874362244898,62723,0.3125149473852041,Cracks
IMG_20180513_170350654_HDR resized_448.jpg,129.50777762276786,25.284313823511276,0.00412547831632653,0.00457389987244898,60473,0.30130440848214285,Cracks
IMG_20180513_170357440_HDR resized_448.jpg,130.93840680803572,22.301934856747216,0.002102598852040816,0.0027851961096938774,49000,0.244140625,Cracks
IMG_20180513_170406108_HDR resized_448.jpg,125.63300681600765,24.19959880793392,0.0042948820153061226,0.007364078443877551,44441,0.22142558195153061,Cracks
IMG_20180513_170430826_HDR resized_448.jpg,126.4061055086097,22.12934366752619,0.0011409837372448979,0.0035923549107142855,52556,0.26185825892857145,Cracks
IMG_20180513_170453882_HDR resized_448.jpg,115.22421077806122,23.476416512520565,0.0031140385841836736,0.0034727758290816328,53896,0.26853475765306123,Cracks
IMG_20180513_170500983_HDR resized_448.jpg,112.97772839604592,21.948299937052195,0.0034329161352040817,0.002162388392857143,50076,0.24950175382653061,Cracks
IMG_20180513_170515937_HDR resized_448.jpg,116.37380420918367,24.445832794092787,0.003951092155612245,0.0035774075255102043,56069,0.279361647002551,Cracks
IMG_20180513_170526931_HDR resized_448.jpg,116.17196468431122,24.321785311260953,0.006895727040816327,0.005131935586734694,49585,0.24705536511479592,Cracks
IMG_20180513_170535927_HDR resized_448.jpg,111.75333326690051,23.45257203198234,0.006392498405612245,0.0042849170918367345,50368,0.25095663265306123,Cracks
IMG_20180513_170700279_HDR resized_448.jpg,118.21609933035714,26.143219762531082,0.0055056202168367345,0.0050522161989795915,58952,0.29372608418367346,Cracks
IMG_20180513_170710091_HDR resized_448.jpg,119.28413982780613,31.315444870251717,0.013706752232142858,0.007807517538265306,68392,0.3407605229591837,Cracks
IMG_20180513_170718753_HDR resized_448.jpg,120.12632533482143,32.459418739908784,0.014085419323979591,0.00568000637755102,71985,0.35866250797193877,Cracks
IMG_20180513_170728853_HDR resized_448.jpg,119.83950494260205,28.942628457934244,0.010592713647959183,0.004763233418367347,68508,0.34133848852040816,Cracks
IMG_20180513_170746398_HDR resized_448.jpg,124.06576351243622,29.953777551380945,0.007164779974489796,0.006277901785714286,68540,0.3414979272959184,Cracks
IMG_20180513_170844630_HDR resized_448.jpg,110.35529934630102,44.85438122863646,0.08613679846938775,0.01904296875,71772,0.357601243622449,Cracks
IMG_20180514_164920326_HDR resized_448.jpg,117.30924147002551,30.54362697537398,0.013985770089285714,0.008285833864795918,68092,0.33926578443877553,Cracks
IMG_20180514_164936208_HDR resized_448.jpg,125.20807756696429,34.051006786596574,0.016287667410714284,0.01669124681122449,68033,0.33897181919642855,Cracks
IMG_20180514_164944000_HDR resized_448.jpg,132.60138811383928,36.4698307284053,0.027553013392857144,0.02125518176020408,63961,0.3186832350127551,Cracks
IMG_20180514_164949995_HDR resized_448.jpg,126.85186643016581,34.57544735089749,0.02166374362244898,0.016073421556122448,62075,0.30928631218112246,Cracks
IMG_20180514_164955695_HDR resized_448.jpg,122.7708814971301,39.29689972318657,0.03527084661989796,0.02577925701530612,66154,0.32960977359693877,Cracks
IMG_20180514_165008040_HDR resized_448.jpg,113.23254145408163,32.46112756544892,0.02377132493622449,0.011823381696428572,66810,0.33287826849489793,Cracks
IMG_20180514_165031728_HDR resized_448.jpg,117.45674724968113,34.76834671205831,0.021589006696428572,0.013397839604591837,71281,0.3551548549107143,Cracks
IMG_20180514_165039112_HDR resized_448.jpg,114.69170519770408,35.13725705431269,0.020976163903061226,0.017045001594387755,68763,0.3426090162627551,Cracks
IMG_20180514_165050302_HDR resized_448.jpg,126.33122409119898,37.74766410247456,0.027059749681122448,0.025898836096938774,70587,0.35169702646683676,Cracks
IMG_20180514_165115894_HDR resized_448.jpg,118.76679587850765,37.21459310668771,0.02727897799744898,0.02145946269132653,63977,0.3187629544005102,Cracks
IMG_20180514_165152754_HDR resized_448.jpg,122.84574796715562,33.7403453032776,0.014543805803571428,0.019461495535714284,66535,0.33150809151785715,Cracks
IMG_20180514_165211442_HDR resized_448.jpg,126.47698102678571,39.83060667900614,0.025754344706632654,0.036675900829081634,72601,0.3617317044005102,Cracks
IMG_20180514_165217078_HDR resized_448.jpg,124.75801678093113,37.60719151969369,0.02228156887755102,0.025510204081632654,72047,0.3589714205994898,Cracks
IMG_20180514_165228668_HDR resized_448.jpg,136.7327507174745,34.45139465052569,0.013906050701530613,0.03529077646683673,65130,0.32450773278061223,Cracks
IMG_20180514_165245540_HDR resized_448.jpg,132.0914381377551,35.6614922247931,0.017632932079081634,0.032545440051020405,69678,0.34716796875,Cracks
IMG_20180514_165251954_HDR resized_448.jpg,130.58487125318877,33.11920391621531,0.01612822863520408,0.02590381855867347,67930,0.3384586256377551,Cracks
IMG_20180514_165259100 resized_448.jpg,136.6976692044005,32.664190601399575,0.00826092155612245,0.03590860172193878,54974,0.27390585140306123,Cracks
IMG_20180514_165302026_HDR resized_448.jpg,130.1073670679209,34.66047374496882,0.01739875637755102,0.03131975446428571,67622,0.3369240274234694,Cracks
IMG_20180514_165307482_HDR resized_448.jpg,128.10413843271684,33.92913668486328,0.014653419961734694,0.02699996014030612,69575,0.34665477519132654,Cracks
IMG_20180514_165340357_HDR resized_448.jpg,130.3260871731505,35.48195634668012,0.016880580357142856,0.02969547193877551,70169,0.3496143574617347,Cracks
IMG_20180514_165358823_HDR resized_448.jpg,130.97096719547193,40.377971833466425,0.0222965162627551,0.05236069036989796,71791,0.35769591039540816,Cracks
IMG_20180514_165411841_HDR resized_448.jpg,129.7754753268495,41.798471994372264,0.025604870854591837,0.055474728954081634,72371,0.3605857382015306,Cracks
IMG_20180514_165427375_HDR resized_448.jpg,134.38895089285714,37.400394324963564,0.017528300382653062,0.04372110172193878,73152,0.36447704081632654,Cracks
IMG_20180514_165444055_HDR resized_448.jpg,133.76509685905611,35.021859721681544,0.01184829400510204,0.031573860012755105,74038,0.3688915019132653,Cracks
IMG_20180514_165457873_HDR resized_448.jpg,133.01302913743623,38.818646566735765,0.019346898915816327,0.0457389987244898,74717,0.37227459343112246,Cracks
IMG_20180514_165505511_HDR resized_448.jpg,131.87223473373726,41.13253453142682,0.0282405931122449,0.05017837213010204,74947,0.37342055963010207,Cracks
IMG_20180514_165529728_HDR resized_448.jpg,125.73122608418367,34.743143116332284,0.012600645727040817,0.029959542410714284,69983,0.3486876195790816,Cracks
IMG_20180514_165535720_HDR resized_448.jpg,126.12237424266581,33.35978142572418,0.008694395727040817,0.025579958545918366,70495,0.3512386399872449,Cracks
IMG_20180514_165710828_HDR resized_448.jpg,132.4480976961097,39.68425028712406,0.02280472735969388,0.04660096460459184,74174,0.3695691167091837,Cracks
IMG_20180514_165717791_HDR resized_448.jpg,138.43151606345663,37.96664513252969,0.018624441964285716,0.05042251275510204,73913,0.36826869419642855,Cracks
IMG_20180514_165724162_HDR resized_448.jpg,136.75328344228316,39.7744523135263,0.022744937818877552,0.054812061543367346,74653,0.37195571588010207,Cracks
IMG_20180514_165731332_HDR resized_448.jpg,140.7325364716199,39.60568140121175,0.0209163743622449,0.06577845982142858,60179,0.29983956473214285,Cracks
IMG_20180514_165740460_HDR resized_448.jpg,128.88655432876274,37.23626526533446,0.016068439094387755,0.04017857142857143,71864,0.35805963010204084,Cracks
IMG_20180514_165746314_HDR resized_448.jpg,138.70589026626274,39.50996782812222,0.020213847257653062,0.06507095025510204,71126,0.35438257334183676,Cracks
IMG_20180514_165751038_HDR resized_448.jpg,139.5040507413903,38.867259188526546,0.023213289221938774,0.058803013392857144,71298,0.3552395567602041,Cracks
IMG_20180514_165757436_HDR resized_448.jpg,140.8695740991709,38.30609088614458,0.018420161033163265,0.06450294961734694,70434,0.35093470982142855,Cracks
IMG_20180514_165811955_HDR resized_448.jpg,135.74099170918367,42.53358351242103,0.031165298150510203,0.06475705516581633,73285,0.36513970822704084,Cracks
IMG_20180514_165823466_HDR resized_448.jpg,141.91057477678572,43.68841163107546,0.031548947704081634,0.08658522002551021,70897,0.35324158960459184,Cracks
IMG_20180514_165831579_HDR resized_448.jpg,138.53146922831633,38.91244797623709,0.02540058992346939,0.04831991390306122,73665,0.36703304368622447,Cracks
IMG_20180514_165837194_HDR resized_448.jpg,140.54795619419642,40.44650115429462,0.029072664221938774,0.05914182079081633,74459,0.37098911830357145,Cracks
IMG_20180514_165847101_HDR resized_448.jpg,139.7362284757653,39.870096327346396,0.02741848692602041,0.05468251753826531,73244,0.3649354272959184,Cracks
IMG_20180514_170008541_HDR resized_448.jpg,143.685791015625,37.68846164672588,0.022431042729591837,0.06505102040816327,64951,0.32361587213010207,Cracks
IMG_20180514_170015428_HDR resized_448.jpg,140.78237603635205,41.00502144401612,0.03364158163265306,0.06547951211734694,65827,0.32798050860969385,Cracks
IMG_20180514_170026184_HDR resized_448.jpg,131.98486826371175,35.24529843662475,0.015869140625,0.03664102359693878,67923,0.33842374840561223,Cracks
IMG_20180514_170032562_HDR resized_448.jpg,123.7784498565051,36.65492856115611,0.014304647640306123,0.03435407366071429,67339,0.335513990752551,Cracks
IMG_20180514_170039467_HDR resized_448.jpg,123.21070830676021,36.774739062080094,0.016237842793367346,0.032017299107142856,70490,0.35121372767857145,Cracks
IMG_20180514_170051550_HDR resized_448.jpg,145.95154057716837,38.03577943460252,0.021449497767857144,0.07558394451530612,63855,0.31815509406887754,Cracks
IMG_20180514_170055705_HDR resized_448.jpg,136.50503726881377,36.251459035234994,0.018011599170918366,0.05019830197704082,68672,0.34215561224489793,Cracks
IMG_20180514_170100812_HDR resized_448.jpg,136.7872987085459,36.42237915285376,0.018435108418367346,0.04742805325255102,68854,0.34306242028061223,Cracks
IMG_20180514_170105907_HDR resized_448.jpg,130.55647620376274,37.7358504461189,0.018380301339285716,0.04377092633928571,70948,0.35349569515306123,Cracks
IMG_20180514_170122537_HDR resized_448.jpg,134.40466059470663,38.153605110271734,0.019705636160714284,0.05276426977040816,70067,0.3491061463647959,Cracks
IMG_20180514_170137161_HDR resized_448.jpg,123.48477857940051,39.07174313464961,0.022620376275510203,0.03675562021683673,72816,0.3628029336734694,Cracks
IMG_20180514_170144972_HDR resized_448.jpg,120.67710658482143,35.37073099239234,0.011918048469387755,0.02866410235969388,69473,0.34614656409438777,Cracks
IMG_20180514_170158322_HDR resized_448.jpg,130.13062519929846,39.26067690897592,0.018016581632653062,0.046262157206632654,71475,0.3561214524872449,Cracks
IMG_20180514_170217038_HDR resized_448.jpg,121.86080496651786,33.42007120669325,0.009641063456632654,0.024239676339285716,66973,0.3336904097576531,Cracks
IMG_20180514_170355485_HDR resized_448.jpg,135.1423937739158,43.87447463974901,0.033771125637755105,0.06704898756377552,72599,0.36172173947704084,Cracks
IMG_20180514_170400947 resized_448.jpg,130.37607122927295,52.52105647798305,0.07394969706632654,0.100341796875,72209,0.3597785794005102,Cracks
IMG_20180514_170411390_HDR resized_448.jpg,141.57317741549744,43.0587038038836,0.03083645567602041,0.07941047512755102,69742,0.3474868463010204,Cracks
IMG_20180514_170416728_HDR resized_448.jpg,143.64914500956633,40.500994972671045,0.02662627551020408,0.06723832110969388,66298,0.3303272480867347,Cracks
IMG_20180514_170423229_HDR resized_448.jpg,144.3275520169005,42.92708099021463,0.03343231823979592,0.07808514030612244,66117,0.3294254225127551,Cracks
IMG_20180514_170638485_HDR resized_448.jpg,131.807861328125,36.440851721780156,0.010333625637755101,0.03098094706632653,76316,0.38024154974489793,Cracks
IMG_20180514_170646586_HDR resized_448.jpg,132.24847038424744,32.2509184616738,0.0024713010204081634,0.01734394929846939,74888,0.3731265943877551,Cracks
IMG_20180514_170703597_HDR resized_448.jpg,129.60784040178572,33.86976590768853,0.00637256855867347,0.011220503826530613,73621,0.36681381536989793,Cracks
IMG_20180514_170708710_HDR (1) resized_448.jpg,134.2956692442602,34.11216001773487,0.005744778380102041,0.015141701211734694,71782,0.3576510682397959,Cracks
IMG_20180514_170708710_HDR resized_448.jpg,134.2956692442602,34.11216001773487,0.005744778380102041,0.015141701211734694,71782,0.3576510682397959,Cracks
IMG_8404 resized_448.jpg,172.28199238679846,27.858429804157353,9.964923469387754e-06,0.1661999760841837,70010,0.3488221460459184,Cracks
IMG_8405 resized_448.jpg,127.56133410395408,22.388469076700073,1.992984693877551e-05,0.0028748804209183672,58427,0.29111029177295916,Cracks
IMG_8406 resized_448.jpg,128.2636569276148,21.749097533337686,9.964923469387754e-06,0.0024912308673469387,59784,0.29787149234693877,Cracks
IMG_8407 resized_448.jpg,129.21920838647958,25.672204036421057,0.0002242107780612245,0.005490672831632653,61573,0.30678511639030615,Cracks
IMG_8412 resized_448.jpg,149.07951510682398,38.59128372082474,0.00013452646683673468,0.10597197863520408,73462,0.3660216039540816,Cracks
IMG_8413 resized_448.jpg,151.24364736128825,40.20142147866146,0.00017438616071428572,0.12428252551020408,73886,0.36813416772959184,Cracks
IMG_8414 resized_448.jpg,154.78866888552295,38.02356087997652,1.4947385204081632e-05,0.1289859693877551,73999,0.36869718590561223,Cracks
IMG_8415 resized_448.jpg,153.0038066007653,41.86679875449285,0.00027901785714285713,0.14334044164540816,74283,0.3701122050382653,Cracks
IMG_8416 resized_448.jpg,149.16322544642858,39.604535799465424,0.0001793686224489796,0.10888671875,73881,0.3681092554209184,Cracks
IMG_8417 resized_448.jpg,137.02109076052295,51.2556398228916,0.04021344866071429,0.12268813775510204,75207,0.37471599968112246,Cracks
IMG_8418 resized_448.jpg,137.67683254942602,49.91627975953964,0.03366649394132653,0.12006736288265306,75391,0.37563277264030615,Cracks
IMG_8419 resized_448.jpg,130.39819834183675,53.49302102454555,0.07128408003826531,0.10991310586734694,76204,0.37968351403061223,Cracks
IMG_8423 resized_448.jpg,133.39755560427295,19.591950273244993,4.982461734693877e-06,0.0014399314413265306,48663,0.24246153539540816,Cracks
IMG_8424 resized_448.jpg,183.07546934789542,20.191324424125725,0.0,0.18816764987244897,51526,0.25672632334183676,Cracks
IMG_8426 resized_448.jpg,172.0958924585459,32.34077540220682,8.470184948979592e-05,0.19737025669642858,71456,0.3560267857142857,Cracks
IMG_8428 resized_448.jpg,168.38315130739795,33.50193370931205,4.982461734693878e-05,0.1712372448979592,73952,0.3684630102040816,Cracks
IMG_8429 resized_448.jpg,123.66672313456633,63.90647255550068,0.19070870535714285,0.14201510682397958,71471,0.35610152264030615,Cracks
IMG_8430 resized_448.jpg,128.48067801339286,63.35570328280875,0.16597078284438777,0.15400290975765307,73061,0.3640236367984694,Cracks
IMG_8431 resized_448.jpg,131.08531469228316,61.76538990123068,0.15043048469387754,0.14494479432397958,72711,0.36227977519132654,Cracks
IMG_8432 resized_448.jpg,148.95683693399235,48.97904289803655,0.006113480548469388,0.1659359056122449,72110,0.35928531568877553,Cracks
IMG_8433 resized_448.jpg,146.38534359056123,48.52676577113791,0.009446747448979591,0.14592135682397958,75609,0.3767189492984694,Cracks
IMG_8434 resized_448.jpg,150.58229532047193,47.29305936232306,0.0059939014668367345,0.15977260044642858,75468,0.37601642219387754,Cracks
IMG_8435 resized_448.jpg,147.67848672672193,48.61556832628169,0.009451729910714286,0.15320073341836735,75786,0.3776008450255102,Cracks
IMG_8436 resized_448.jpg,144.1006407445791,49.33859872561029,0.0176578443877551,0.14236886160714285,75663,0.37698800223214285,Cracks
IMG_8437 resized_448.jpg,140.87964863679846,48.26425433936485,0.019321986607142856,0.12142259247448979,75850,0.3779197225765306,Cracks
IMG_8438 resized_448.jpg,139.82960977359693,53.29968293664747,0.04900749362244898,0.14202008928571427,73567,0.36654476243622447,Cracks
IMG_8439 resized_448.jpg,145.87953404017858,48.93045330540633,0.017802335778061226,0.14758549904336735,74992,0.37364477040816324,Cracks
IMG_8440 resized_448.jpg,145.42338966836735,52.9349839341888,0.03073680644132653,0.1683623644770408,74468,0.3710339604591837,Cracks
IMG_8441 resized_448.jpg,128.2617785395408,57.1236018476752,0.11424784757653061,0.11277802136479592,74283,0.3701122050382653,Cracks
IMG_8442 resized_448.jpg,143.36218012595663,51.423025832019874,0.03750298947704082,0.14548290019132654,73194,0.3646863042091837,Cracks
IMG_8443 resized_448.jpg,134.14572704081633,55.112493111817315,0.06606246014030612,0.12896105707908162,74254,0.36996771364795916,Cracks
IMG_8444 resized_448.jpg,153.84750677614795,46.268456676972136,0.0016940369897959183,0.17112763073979592,72522,0.3613380899234694,Cracks
IMG_8445 resized_448.jpg,150.01102120535714,50.13673962218197,0.005465760522959184,0.17603535554846939,73656,0.36698820153061223,Cracks
IMG_8446 resized_448.jpg,154.56166294642858,47.27926202430673,0.0011110889668367347,0.18787368463010204,72726,0.3623545121173469,Cracks
IMG_8447 resized_448.jpg,146.07517538265307,48.503454713553396,0.004628706951530612,0.1481983418367347,71263,0.3550651705994898,Cracks
IMG_8449 resized_448.jpg,124.85237464126276,47.31438505786215,0.005919164540816327,0.09170220822704081,67787,0.33774613360969385,Cracks
IMG_8453 resized_448.jpg,154.45712591677295,43.15244021885305,0.0006626674107142857,0.15327048788265307,70639,0.35195611447704084,Cracks
IMG_8455 resized_448.jpg,151.99427515146684,45.8421288703674,0.003343231823979592,0.15968291613520408,72768,0.3625637755102041,Cracks
IMG_8456 resized_448.jpg,154.74147999043367,44.90592071560281,0.0011559311224489796,0.17180524553571427,68991,0.3437450175382653,Cracks
IMG_8462 resized_448.jpg,131.46410136320154,26.628263742838296,0.0012854751275510204,0.004309829400510204,74391,0.37065031090561223,Cracks
IMG_8463 resized_448.jpg,170.7235481106505,31.755113246996885,0.00027901785714285713,0.18983179209183673,76347,0.38039600605867346,Cracks
IMG_8464 resized_448.jpg,172.6482531489158,29.889818021169983,7.971938775510203e-05,0.19077845982142858,76527,0.3812928491709184,Cracks
IMG_8465 resized_448.jpg,173.3976602359694,32.13989693254811,0.00016940369897959184,0.21755919164540816,76159,0.379459303252551,Cracks
IMG_8466 resized_448.jpg,170.92755998883928,31.22724664278965,0.00010463169642857142,0.1847197863520408,76504,0.3811782525510204,Cracks
IMG_8467 resized_448.jpg,172.93656329719389,30.55090362774233,7.971938775510203e-05,0.19713109853316327,76895,0.3831263950892857,Cracks
IMG_8468 resized_448.jpg,164.4499661192602,41.96363812426386,0.0010811941964285715,0.21838129783163265,73359,0.36550841039540816,Cracks
IMG_8469 resized_448.jpg,169.01443419164542,23.952108250365164,9.964923469387754e-06,0.09248943718112244,72371,0.3605857382015306,Cracks
IMG_8470 resized_448.jpg,170.36282286352042,31.745124129012165,0.00016940369897959184,0.18638392857142858,76211,0.3797183912627551,Cracks
IMG_8471 resized_448.jpg,171.38560267857142,31.455724104044048,0.00012456154336734694,0.19382274394132654,76338,0.38035116390306123,Cracks
IMG_8472 resized_448.jpg,170.72635821906889,32.019817857840195,0.00012456154336734694,0.19316505899234693,75982,0.3785774075255102,Cracks
IMG_8473 resized_448.jpg,169.95321468431123,33.16374042353745,0.00026407047193877553,0.19543706154336735,74797,0.37267319036989793,Cracks
IMG_8474 resized_448.jpg,134.97544642857142,21.74068950878245,0.00019431600765306122,0.004763233418367347,59121,0.29456812021683676,Cracks
IMG_8475 resized_448.jpg,177.53867885044642,27.257540094231175,4.982461734693877e-06,0.19568120216836735,68811,0.3428481744260204,Cracks
IMG_8476 resized_448.jpg,176.83182198660714,28.050572875942592,4.982461734693877e-06,0.19862085459183673,68496,0.34127869897959184,Cracks
IMG_8477 resized_448.jpg,180.5562121332908,25.351449056449606,0.0,0.21678192761479592,69435,0.3459572305484694,Cracks
IMG_8478 resized_448.jpg,189.69480428890307,20.714267378704804,0.0,0.302181321747449,48608,0.2421875,Cracks
IMG_8479 resized_448.jpg,181.27729392538265,25.965942064575373,0.0,0.22556600765306123,62682,0.3123106664540816,Cracks
IMG_8480 resized_448.jpg,187.65987224968111,22.278232777927695,0.0,0.28463309151785715,40823,0.20339903539540816,Cracks
IMG_8481 resized_448.jpg,181.99429009885205,25.527969044282695,0.0,0.23708047672193877,61104,0.3044483418367347,Cracks
IMG_8483 resized_448.jpg,180.89152184311226,28.15560836341661,0.0,0.25319375797193877,69249,0.3450304926658163,Cracks
IMG_8484 resized_448.jpg,181.8704161352041,29.37045918745021,0.0,0.27608816964285715,71497,0.35623106664540816,Cracks
IMG_8485 resized_448.jpg,183.57293327487244,28.939585232768742,0.0,0.29405990911989793,71560,0.35654496173469385,Cracks
IMG_8486 resized_448.jpg,175.73151506696428,27.693296632157693,0.0,0.1880480707908163,70880,0.35315688775510207,Cracks
IMG_8487 resized_448.jpg,172.18303571428572,29.121634141916953,9.964923469387754e-06,0.1687808912627551,70485,0.35118881536989793,Cracks
IMG_8488 resized_448.jpg,183.2753059231505,24.660101991631038,0.0,0.24898357780612246,57318,0.2855847417091837,Cracks
IMG_8489 resized_448.jpg,171.967041015625,27.990633983566163,4.982461734693877e-06,0.15482999840561223,68287,0.34023736447704084,Cracks
IMG_8490 resized_448.jpg,177.48010004783163,27.266569511700936,0.0,0.20446029974489796,69976,0.34865274234693877,Cracks
IMG_8491 resized_448.jpg,185.3058085538903,22.380415518622794,0.0,0.2528748804209184,66115,0.3294154575892857,Cracks
IMG_8493 resized_448.jpg,181.50023417570154,27.060220996371363,0.0,0.25174386160714285,68864,0.34311224489795916,Cracks
IMG_8504 resized_448.jpg,132.7139219945791,22.81441572487624,6.975446428571428e-05,0.00943180006377551,51958,0.25887874681122447,Cracks
IMG_8505 resized_448.jpg,175.55269451530611,25.00983769915974,0.0,0.1549695073341837,62136,0.30959024234693877,Cracks
IMG_8506 resized_448.jpg,170.46008051658163,26.06700864613252,9.964923469387754e-06,0.12995256696428573,64116,0.3194555165816326,Cracks
IMG_8507 resized_448.jpg,174.70748963647958,28.45801423722786,2.491230867346939e-05,0.17613998724489796,63791,0.31783621651785715,Cracks
IMG_8508 resized_448.jpg,169.00613341039542,30.808704076281952,0.00016442123724489795,0.15793407206632654,66650,0.3320810746173469,Cracks
IMG_8509 resized_448.jpg,168.8740084901148,29.752457052102514,0.0004982461734693878,0.14310128348214285,72855,0.36299724968112246,Cracks
IMG_8510 resized_448.jpg,170.6112683354592,30.233070141014945,0.0006078603316326531,0.15794403698979592,72443,0.36094447544642855,Cracks
IMG_8511 resized_448.jpg,167.27087651466837,33.2238264192642,0.0006028778698979591,0.16258769132653061,71163,0.3545669244260204,Cracks
IMG_8512 resized_448.jpg,171.51482780612244,33.94116336124525,0.0011210538903061226,0.20016043526785715,71921,0.3583436304209184,Cracks
IMG_8513 resized_448.jpg,167.58925083705358,33.95159809907812,0.001220703125,0.16594088807397958,72656,0.3620057397959184,Cracks
IMG_8514 resized_448.jpg,162.06282386001274,39.167757730626796,0.005729830994897959,0.16514369419642858,71834,0.35791015625,Cracks
IMG_8515 resized_448.jpg,156.51761798469389,42.16519710582042,0.0126953125,0.14871651785714285,72495,0.3612035634566326,Cracks
IMG_8516 resized_448.jpg,171.95577566964286,38.532868629367506,0.00439453125,0.22724509725765307,72430,0.36087970344387754,Cracks
IMG_8517 resized_448.jpg,123.87494519292092,32.50486085189264,0.0024164939413265306,0.03219666772959184,54748,0.2727798150510204,Cracks
IMG_8518 resized_448.jpg,181.62336077008928,32.78644872898189,4.982461734693877e-06,0.2625707509566326,62003,0.30892757493622447,Cracks
IMG_8519 resized_448.jpg,165.38695790816325,33.51681681532275,1.992984693877551e-05,0.1553631218112245,64199,0.31986906090561223,Cracks
IMG_8520 resized_448.jpg,174.0585788026148,31.405391738785077,9.964923469387754e-06,0.19467972735969388,60442,0.3011499521683674,Cracks
IMG_8521 resized_448.jpg,158.99586953922193,35.907106406069985,0.00020926339285714285,0.1459113919005102,64203,0.319888990752551,Cracks
IMG_8522 resized_448.jpg,162.80904217155611,35.4608933179926,0.003527582908163265,0.15834761639030612,64350,0.320621412627551,Cracks
IMG_8523 resized_448.jpg,160.8449557557398,35.96502088787601,0.0034827407525510204,0.15124760841836735,65599,0.3268445073341837,Cracks
IMG_8524 resized_448.jpg,165.99033900669642,37.06566217507454,0.002725406568877551,0.18443080357142858,66282,0.3302475286989796,Cracks
IMG_8525 resized_448.jpg,171.8473672672194,36.607366904316564,0.0017189492984693877,0.2191784917091837,67539,0.3365104830994898,Cracks
IMG_8526 resized_448.jpg,172.99504743303572,35.37115995635858,0.0009018255739795918,0.22124621332908162,66518,0.3314233896683674,Cracks
IMG_8527 resized_448.jpg,165.66848194355867,34.819816296171176,0.0007473692602040816,0.16624481823979592,68189,0.33974908322704084,Cracks
IMG_8528 resized_448.jpg,162.27438416772958,36.63715339879925,0.0017338966836734694,0.15960319674744897,66982,0.3337352519132653,Cracks
IMG_8529 resized_448.jpg,172.3064811862245,27.0126611324032,0.000817123724489796,0.13529874840561223,51013,0.25417032047193877,Cracks
IMG_8530 resized_448.jpg,154.9231505102041,34.08351213348798,0.003547512755102041,0.10523955676020408,61518,0.30651108099489793,Cracks
IMG_8531 resized_448.jpg,171.5459582270408,34.67132066605604,0.0029097576530612247,0.19357362085459184,65718,0.32743742028061223,Cracks
IMG_8532 resized_448.jpg,163.76504703443877,35.193132336943336,0.0019630899234693877,0.14519391741071427,66694,0.33230030293367346,Cracks
IMG_8533 resized_448.jpg,170.93912926498726,33.55747265117216,0.0013303172831632653,0.1791095344387755,63037,0.31407944036989793,Cracks
IMG_20180705_130729936 resized_448.jpg,157.23733956473214,18.546539507940476,4.982461734693877e-06,0.01094646843112245,40394,0.2012615593112245,NonCracks
IMG_20180705_130731751 resized_448.jpg,157.72836615114795,18.85795942456826,4.982461734693877e-06,0.021569076849489797,30007,0.1495087292729592,NonCracks
IMG_20180705_130732496 resized_448.jpg,159.7792819276148,18.04966964321702,4.982461734693877e-06,0.012934470663265306,37709,0.18788364955357142,NonCracks
IMG_20180705_130732993 resized_448.jpg,160.02154914700256,17.297107862572137,4.982461734693877e-06,0.011803451849489796,32732,0.1630859375,NonCracks
IMG_20180705_130733329 resized_448.jpg,166.10759127869898,21.2723271288414,0.0,0.06574358258928571,26584,0.13245376275510204,NonCracks
IMG_20180705_130733660 resized_448.jpg,167.26761798469389,21.250791048124032,0.0,0.06326729910714286,32989,0.1643664301658163,NonCracks
IMG_20180705_130733991 resized_448.jpg,159.46969666772958,18.07090053829121,0.0,0.02085160235969388,23596,0.11756616709183673,NonCracks
IMG_20180705_130734324 resized_448.jpg,159.19893474968111,18.604174927102765,0.0,0.0274234693877551,15945,0.07944535235969388,NonCracks
IMG_20180705_130734659 resized_448.jpg,153.72513253348214,17.400086240253547,0.0,0.00530632174744898,32178,0.16032565369897958,NonCracks
IMG_20180705_130734991 resized_448.jpg,152.84964425223214,17.96295737856098,0.0,0.005869339923469388,36081,0.1797722018494898,NonCracks
IMG_20180705_130735324 resized_448.jpg,153.2267518335459,17.895244302179353,0.0,0.006467235331632653,36964,0.1841717155612245,NonCracks
IMG_20180705_130735657 resized_448.jpg,153.92998146524235,17.144549045382398,0.0,0.005939094387755102,31678,0.15783442283163265,NonCracks
IMG_20180705_130735989 resized_448.jpg,155.3214734135842,18.694710042768726,0.0,0.01617805325255102,34275,0.17077387595663265,NonCracks
IMG_20180705_130736323 resized_448.jpg,155.21006556919642,18.409365752702577,0.0,0.010876713966836735,36237,0.18054946588010204,NonCracks
IMG_20180705_130736655 resized_448.jpg,152.65479512117346,18.644993595027024,4.982461734693877e-06,0.0074238679846938774,41604,0.20729033801020408,NonCracks
IMG_20180705_130736987 resized_448.jpg,150.05517578125,17.939648542621473,9.964923469387754e-06,0.004514110331632653,37553,0.1871063855229592,NonCracks
IMG_20180705_130737319 resized_448.jpg,147.802734375,18.789697275619368,0.0,0.004299864477040816,43001,0.21425083705357142,NonCracks
IMG_20180705_130737652 resized_448.jpg,148.41911471619898,18.70465857408684,4.982461734693877e-06,0.004758250956632653,41488,0.20671237244897958,NonCracks
IMG_20180705_130737985 resized_448.jpg,150.96627869897958,18.769098449098976,0.0,0.006243024553571429,40963,0.2040965800382653,NonCracks
IMG_20180705_130738321 resized_448.jpg,150.09727758290816,18.739334066745897,4.982461734693877e-06,0.00515186543367347,43367,0.21607441804846939,NonCracks
IMG_20180705_130738655 resized_448.jpg,151.6984713807398,18.237871263864726,0.0,0.005610251913265306,38247,0.19056421396683673,NonCracks
IMG_20180705_130738987 resized_448.jpg,153.88418765943877,17.62785016989041,0.0,0.006018813775510204,33887,0.16884068080357142,NonCracks
IMG_20180705_130739321 resized_448.jpg,155.43303571428572,17.801572574602126,0.0,0.008275868941326531,30034,0.14964325573979592,NonCracks
IMG_20180705_130739654 resized_448.jpg,156.58370535714286,17.690316116712882,4.982461734693877e-06,0.009222536670918368,30873,0.15382354113520408,NonCracks
IMG_20180705_130739987 resized_448.jpg,155.69269670758928,17.248633083983034,4.982461734693877e-06,0.007149832589285714,31564,0.15726642219387754,NonCracks
IMG_20180705_130740323 resized_448.jpg,156.31651088169642,17.696324487922826,0.0,0.008883729272959183,33201,0.16542271205357142,NonCracks
IMG_20180705_130740656 resized_448.jpg,157.06797572544642,18.696793077547145,4.982461734693877e-06,0.015281210140306123,35620,0.17747528698979592,NonCracks
IMG_20180705_130740989 resized_448.jpg,158.62070013552295,19.411695320464148,0.0,0.01913265306122449,38870,0.19366828762755103,NonCracks
IMG_20180705_130741322 resized_448.jpg,167.10231983418367,25.308647268353877,0.0,0.07427355707908163,34155,0.17017598054846939,NonCracks
IMG_20180705_130741655 resized_448.jpg,158.75273537149235,17.91619894234874,0.0,0.012441206951530613,39538,0.19699657206632654,NonCracks
IMG_20180705_130741989 resized_448.jpg,162.84204599808675,19.77096523081965,0.0,0.04030811543367347,28368,0.14134247448979592,NonCracks
IMG_20180705_130742323 resized_448.jpg,160.1487812898597,17.475499066164748,0.0,0.013168646364795918,28172,0.14036591198979592,NonCracks
IMG_20180705_130742655 resized_448.jpg,166.3328483737245,24.63618047302371,0.0,0.08055644132653061,30015,0.14954858896683673,NonCracks
IMG_20180705_130742988 resized_448.jpg,166.0569844148597,25.054546209030207,0.0,0.09140326052295919,30362,0.1512775031887755,NonCracks
IMG_20180705_130743321 resized_448.jpg,161.04697963169642,21.836406601950287,0.0,0.049306441326530615,34735,0.17306580835459184,NonCracks
IMG_20180705_130743653 resized_448.jpg,159.1318359375,20.08186837536936,0.0,0.028375119579081634,35957,0.17915437659438777,NonCracks
IMG_20180705_130743987 resized_448.jpg,157.3226692044005,19.169149614238624,0.0,0.015221420599489796,40682,0.2026965082908163,NonCracks
IMG_20180705_130744320 resized_448.jpg,157.08988360969389,19.2976712091585,0.0,0.016003667091836735,38579,0.1922183912627551,NonCracks
IMG_20180705_130744653 resized_448.jpg,157.86258868781889,20.92024057957063,0.0,0.02573441485969388,43102,0.2147540656887755,NonCracks
IMG_20180705_130744988 resized_448.jpg,162.8888612085459,28.030868636395677,4.982461734693877e-06,0.08731265943877552,41849,0.20851104113520408,NonCracks
IMG_20180705_130745320 resized_448.jpg,155.83606206154337,18.97723473028317,0.0,0.010209064094387755,41893,0.20873026945153061,NonCracks
IMG_20180705_130745654 resized_448.jpg,157.3056192203444,18.777875036152047,0.0,0.011853276466836735,39272,0.19567123724489796,NonCracks
IMG_20180705_130745987 resized_448.jpg,156.68580098054846,19.539783250140314,0.0,0.0157894212372449,45031,0.224365234375,NonCracks
IMG_20180705_130746319 resized_448.jpg,166.3494100765306,28.394802179046685,0.0,0.09666972257653061,40147,0.2000308912627551,NonCracks
IMG_20180705_130746652 resized_448.jpg,157.6371920838648,18.902169563039728,0.0,0.011374960140306123,42832,0.21340880102040816,NonCracks
IMG_20180705_130746985 resized_448.jpg,158.34717793367346,20.504085775523457,0.0,0.020707110969387755,45159,0.2250029894770408,NonCracks
IMG_20180705_130747318 resized_448.jpg,158.0758729272959,17.58566811044551,0.0,0.009232501594387755,37788,0.18827726403061223,NonCracks
IMG_20180705_130747652 resized_448.jpg,159.0994499362245,19.804470225490842,0.0,0.021016023596938774,44789,0.22315947863520408,NonCracks
IMG_20180705_130747985 resized_448.jpg,160.29924665178572,19.93201475725,0.0,0.028006417410714284,42043,0.2094776387117347,NonCracks
IMG_20180705_130748317 resized_448.jpg,159.86318658322705,18.72111378218614,0.0,0.019167530293367346,38981,0.19422134088010204,NonCracks
IMG_20180705_130748649 resized_448.jpg,159.07727299904337,19.34001359107111,0.0,0.02025370695153061,44296,0.220703125,NonCracks
IMG_8658 resized_448.jpg,152.95525749362244,36.5775761350345,0.005241549744897959,0.07437320631377552,72492,0.36118861607142855,NonCracks
IMG_8659 resized_448.jpg,161.86146265146684,35.746217238195186,0.0025858976403061226,0.1236098931760204,72184,0.35965401785714285,NonCracks
IMG_8660 resized_448.jpg,150.6173768335459,38.139946078475226,0.007827447385204082,0.07905173788265306,70442,0.35097456951530615,NonCracks
IMG_8661 resized_448.jpg,163.06461754623726,35.67617448795987,0.0020228794642857145,0.1299774792729592,69560,0.34658003826530615,NonCracks
IMG_8662 resized_448.jpg,158.64982760682398,36.495284548477365,0.003941127232142857,0.10873724489795919,72288,0.360172193877551,NonCracks
IMG_8663 resized_448.jpg,161.57211615114795,32.948991367279746,0.0010662468112244898,0.09593231823979592,70572,0.3516222895408163,NonCracks
IMG_8664 resized_448.jpg,155.22653260522958,32.43747208042827,0.001953125,0.07241011639030612,70182,0.3496791294642857,NonCracks
IMG_8665 resized_448.jpg,157.15548768335458,31.536565286269422,0.0017787388392857143,0.07425362723214286,70024,0.3488919005102041,NonCracks
IMG_8666 resized_448.jpg,165.79350685586735,29.607051822642187,0.0009117904974489796,0.09888691804846939,69619,0.3468740035076531,NonCracks
IMG_8667 resized_448.jpg,164.77755301339286,33.369833711547976,0.0023018973214285715,0.1210140306122449,65651,0.32710359534438777,NonCracks
IMG_8668 resized_448.jpg,165.2782356106505,29.169402995496018,0.0006128427933673469,0.09673947704081633,69388,0.34572305484693877,NonCracks
IMG_8669 resized_448.jpg,165.4486308195153,28.835453359618697,0.0008470184948979591,0.08133370535714286,69236,0.3449657206632653,NonCracks
IMG_8670 resized_448.jpg,164.79534040178572,31.765252352013892,0.0017737563775510204,0.09797014508928571,70761,0.35256397480867346,NonCracks
IMG_8671 resized_448.jpg,162.83001335299744,37.20500222975128,0.004489198022959184,0.1358368542729592,71896,0.358219068877551,NonCracks
IMG_8672 resized_448.jpg,155.83391960299744,31.76610229651471,0.0026357222576530613,0.06304807079081633,67529,0.33646065848214285,NonCracks
IMG_8673 resized_448.jpg,168.19565130739795,30.064763809841434,0.0005430883290816327,0.13814373405612246,62877,0.3132822464923469,NonCracks
IMG_8674 resized_448.jpg,168.04612264827807,31.92575616116988,0.0003089126275510204,0.16319555165816327,67469,0.33616171077806123,NonCracks
IMG_8675 resized_448.jpg,171.56821986607142,32.29125974722306,0.0004384566326530612,0.19488899075255103,67460,0.336116868622449,NonCracks
IMG_8676 resized_448.jpg,151.8937390385842,40.23665796057218,0.00677116549744898,0.109130859375,75852,0.3779296875,NonCracks
IMG_8677 resized_448.jpg,155.53882334183675,32.21451024929733,0.0019232302295918368,0.07196667729591837,72521,0.3613331074617347,NonCracks
IMG_8678 resized_448.jpg,154.0908751195791,34.91051615597707,0.003871372767857143,0.07879264987244898,73469,0.36605648118622447,NonCracks
IMG_8679 resized_448.jpg,151.83304767219389,34.8313859218917,0.00539600605867347,0.06810028698979592,69908,0.3483139349489796,NonCracks
IMG_8680 resized_448.jpg,160.65901028380102,31.767833408748906,0.0011260363520408164,0.09886200573979592,69164,0.3446069834183674,NonCracks
IMG_8681 resized_448.jpg,172.5658332669005,26.489412329578556,0.00014947385204081633,0.13068997130102042,67478,0.33620655293367346,NonCracks
IMG_8682 resized_448.jpg,166.10886180644133,26.51427668664253,5.978954081632653e-05,0.08641083386479592,68319,0.340396803252551,NonCracks
IMG_8683 resized_448.jpg,164.16744559151786,25.56520716370302,1.992984693877551e-05,0.07126913265306123,65867,0.3281798070790816,NonCracks
IMG_8684 resized_448.jpg,146.6941366390306,36.034731187865304,0.008524992028061224,0.05642637914540816,72192,0.3596938775510204,NonCracks
IMG_8685 resized_448.jpg,150.51325833067602,32.53846351532243,0.0012406329719387755,0.06262456154336735,72002,0.35874720982142855,NonCracks
IMG_8686 resized_448.jpg,145.9907077088648,38.293424349397206,0.0030691964285714285,0.06669523278061225,78033,0.3887964365433674,NonCracks
IMG_8687 resized_448.jpg,154.02253567442602,39.73190240391379,0.001828563456632653,0.12089943399234694,78408,0.39066485969387754,NonCracks
IMG_8688 resized_448.jpg,149.52199756855867,41.73252185651256,0.0036870216836734694,0.11079500159438775,77312,0.3852040816326531,NonCracks
IMG_8689 resized_448.jpg,131.32066625478316,44.69630122632159,0.02454360650510204,0.06103515625,76150,0.37941446109693877,NonCracks
IMG_8690 resized_448.jpg,149.4919583067602,41.50048869982322,0.0039809869260204085,0.10989317602040816,78080,0.38903061224489793,NonCracks
IMG_8691 resized_448.jpg,145.07954998405611,41.505973596018116,0.007000358737244898,0.0872329400510204,78338,0.390316087372449,NonCracks
IMG_8692 resized_448.jpg,144.00359733737244,42.12680342937438,0.008470184948979591,0.08750199298469388,78296,0.39010682397959184,NonCracks
IMG_8693 resized_448.jpg,139.52034339126274,44.566183986869845,0.01297931281887755,0.08445770886479592,77440,0.38584183673469385,NonCracks
IMG_8694 resized_448.jpg,135.7007832429847,45.55443247308877,0.02102100605867347,0.07632134885204081,77998,0.3886220503826531,NonCracks
IMG_8695 resized_448.jpg,138.8564004703444,45.14868867637032,0.02182816485969388,0.08392956792091837,78104,0.3891501913265306,NonCracks
IMG_8696 resized_448.jpg,141.29586854272958,45.14900685667483,0.016158123405612245,0.0940688775510204,78602,0.39163145727040816,NonCracks
IMG_8697 resized_448.jpg,146.98147022480867,45.329767562682036,0.012152224170918368,0.12132294323979592,78511,0.391178053252551,NonCracks
IMG_8698 resized_448.jpg,133.8205117984694,46.67770373885641,0.030766701211734693,0.07910654496173469,76910,0.38320113201530615,NonCracks
IMG_8699 resized_448.jpg,133.4283372528699,46.896052844293635,0.033771125637755105,0.07653559470663265,76771,0.3825085698341837,NonCracks
IMG_8700 resized_448.jpg,134.10099948182398,46.42053940007888,0.033013791454081634,0.07497608418367346,77393,0.38560766103316324,NonCracks
IMG_8701 resized_448.jpg,140.432373046875,45.92200872978973,0.01739875637755102,0.09978376116071429,76737,0.3823391661352041,NonCracks
IMG_8702 resized_448.jpg,132.61694834183675,46.03735096955392,0.02928691007653061,0.07508071588010204,77020,0.38374920280612246,NonCracks
IMG_8703 resized_448.jpg,128.54161352040816,45.30892196705669,0.0374382174744898,0.05717873086734694,77317,0.38522899394132654,NonCracks
IMG_8704 resized_448.jpg,139.78051259566325,48.833129546639526,0.028280452806122448,0.11223991549744898,78370,0.39047552614795916,NonCracks
IMG_8705 resized_448.jpg,148.04112523915816,49.87475807166438,0.01870914381377551,0.1626923230229592,78438,0.3908143335459184,NonCracks
IMG_8706 resized_448.jpg,146.33371532206633,42.14542381706818,0.005107023278061225,0.1036800462372449,77697,0.3871223294005102,NonCracks
IMG_8707 resized_448.jpg,146.84482122927295,42.748220726306215,0.006955516581632653,0.10567303093112244,77859,0.3879294882015306,NonCracks
IMG_8708 resized_448.jpg,145.02515644929846,43.11265501365982,0.008370535714285714,0.09933533960459184,78108,0.3891701211734694,NonCracks
IMG_8709 resized_448.jpg,148.90838249362244,43.00104209457918,0.0071896922831632655,0.1161362005739796,77583,0.3865543287627551,NonCracks
IMG_8710 resized_448.jpg,146.70790318080358,44.561190191432026,0.01044822225765306,0.11712771045918367,77847,0.3878696986607143,NonCracks
IMG_8711 resized_448.jpg,146.890380859375,44.48491644279428,0.011205556441326531,0.11556819993622448,78136,0.38930963010204084,NonCracks
IMG_8712 resized_448.jpg,148.0123963647959,44.04377503449635,0.010004783163265306,0.11936483577806123,77398,0.38563257334183676,NonCracks
IMG_8713 resized_448.jpg,150.12875677614795,43.88632735933317,0.0077377630739795915,0.13206513073979592,77588,0.38657924107142855,NonCracks
IMG_8714 resized_448.jpg,146.7066575653699,43.988920580637746,0.010572783801020409,0.11258868781887756,77745,0.38736148756377553,NonCracks
IMG_8715 resized_448.jpg,146.8573222257653,44.09123214460153,0.010149274553571428,0.11382433832908163,77790,0.38758569834183676,NonCracks
IMG_8716 resized_448.jpg,148.07355110012756,43.50143997854521,0.00787727200255102,0.1179996412627551,77348,0.38538345025510207,NonCracks
IMG_8717 resized_448.jpg,150.2556750239158,42.3853415077159,0.005246532206632653,0.12120336415816327,77166,0.38447664221938777,NonCracks
IMG_8718 resized_448.jpg,148.48340840242346,43.29727568084891,0.00787727200255102,0.11650988520408163,77228,0.38478555484693877,NonCracks
IMG_8719 resized_448.jpg,147.5417330994898,44.20776530082031,0.01083187181122449,0.11802455357142858,77728,0.3872767857142857,NonCracks
IMG_8720 resized_448.jpg,149.88743124202807,42.973423083901594,0.0067263233418367345,0.12020687181122448,77144,0.38436702806122447,NonCracks
IMG_8721 resized_448.jpg,130.81708884725765,45.90348508929133,0.029730349170918366,0.06516561702806123,76932,0.3833107461734694,NonCracks
IMG_8722 resized_448.jpg,155.65778958067602,40.284366354719936,0.002650669642857143,0.13681839923469388,76611,0.3817113759566326,NonCracks
IMG_8723 resized_448.jpg,151.66423688616072,40.26531250989441,0.003298389668367347,0.11252889827806123,77267,0.38497987085459184,NonCracks
IMG_8724 resized_448.jpg,150.43386280293367,40.052452735125726,0.0038514429209183672,0.10523457429846939,77486,0.3860710299744898,NonCracks
IMG_8725 resized_448.jpg,149.8592454559949,39.983420267726764,0.00417530293367347,0.10144292091836735,76870,0.3830018335459184,NonCracks
IMG_8726 resized_448.jpg,150.91475506218111,39.9310911538665,0.0034877232142857145,0.10703324298469388,77358,0.385433274872449,NonCracks
IMG_8727 resized_448.jpg,149.44503348214286,40.29787456235302,0.005112005739795918,0.10225007971938775,77554,0.386409837372449,NonCracks
IMG_8728 resized_448.jpg,150.3949746890944,40.26208781397289,0.004404496173469388,0.10770089285714286,77048,0.38388871173469385,NonCracks
IMG_8729 resized_448.jpg,151.71843112244898,39.72050152864664,0.003208705357142857,0.11171177455357142,76723,0.3822694116709184,NonCracks
IMG_8730 resized_448.jpg,151.92728097098214,39.760067037322735,0.0031987404336734694,0.11203563456632654,76684,0.3820750956632653,NonCracks
IMG_8731 resized_448.jpg,151.8372179926658,39.47529836023252,0.003288424744897959,0.10948461415816327,76789,0.38259825414540816,NonCracks
IMG_8747 resized_448.jpg,162.47941745057398,31.122254920598465,0.0,0.1029476243622449,61379,0.30581851881377553,NonCracks
IMG_8748 resized_448.jpg,147.9926309390944,32.65494136295338,0.0019182477678571428,0.07163783482142858,64741,0.3225695551658163,NonCracks
IMG_8749 resized_448.jpg,156.0186543367347,28.173142448575216,4.982461734693877e-06,0.07920121173469388,62487,0.3113390864158163,NonCracks
IMG_8750 resized_448.jpg,159.40712193080358,26.41099034592711,0.0,0.08139847735969388,53915,0.2686294244260204,NonCracks
IMG_8751 resized_448.jpg,157.24338827327807,26.071073272851024,0.0,0.06916155133928571,54481,0.27144949776785715,NonCracks
IMG_8752 resized_448.jpg,156.05372090242346,29.29485858547467,0.0001096141581632653,0.08099489795918367,64080,0.3192761479591837,NonCracks
IMG_8753 resized_448.jpg,158.14738121811226,29.278757107216567,0.00011957908163265306,0.08670978156887756,55456,0.2763073979591837,NonCracks
IMG_8754 resized_448.jpg,162.0730528539541,27.321604087599976,5.978954081632653e-05,0.09160754145408163,57258,0.28528579400510207,NonCracks
IMG_8755 resized_448.jpg,149.62590182557398,29.850836136068434,0.00027901785714285713,0.06646603954081633,57449,0.28623744419642855,NonCracks
IMG_8756 resized_448.jpg,150.9285265864158,29.355800495462617,3.487723214285714e-05,0.06906688456632654,51400,0.2560985331632653,NonCracks
IMG_8757 resized_448.jpg,150.32788584183675,31.30864765287322,0.00025908801020408165,0.07839405293367346,60122,0.2995555644132653,NonCracks
IMG_8758 resized_448.jpg,155.26379145408163,29.0471999501239,5.480707908163265e-05,0.07884745695153061,61380,0.3058235012755102,NonCracks
IMG_8759 resized_448.jpg,169.04192243303572,24.29108388977776,0.0,0.10763113839285714,61773,0.3077816087372449,NonCracks
IMG_8760 resized_448.jpg,169.4237832828444,22.676243609536982,0.0,0.09610172193877552,54269,0.27039321588010207,NonCracks
IMG_8761 resized_448.jpg,168.8954480229592,24.904119798991907,0.0,0.11585718271683673,60321,0.3005470742984694,NonCracks
IMG_8762 resized_448.jpg,166.06784618144133,23.313470198801294,0.0,0.09091497927295919,52183,0.2599998007015306,NonCracks
IMG_8763 resized_448.jpg,173.46113181600765,23.877226069443,0.0,0.13230927136479592,55273,0.2753956074617347,NonCracks
IMG_8764 resized_448.jpg,174.59849828603316,20.482997260038395,0.0,0.10878706951530612,44275,0.22059849330357142,NonCracks
IMG_8765 resized_448.jpg,170.49478336256377,19.877512573493643,0.0,0.08299286511479592,39240,0.19551179846938777,NonCracks
IMG_8766 resized_448.jpg,172.8773417570153,21.00371094170682,0.0,0.10369997608418367,40314,0.20086296237244897,NonCracks
IMG_8767 resized_448.jpg,169.9193040497449,22.749321175824264,0.0,0.10304727359693877,49703,0.2476432955994898,NonCracks
IMG_8768 resized_448.jpg,133.52231146364795,36.49664522186256,0.0029944595025510204,0.0584343112244898,68699,0.3422901387117347,NonCracks
IMG_8769 resized_448.jpg,131.65943379304846,33.760267201728254,0.0005929129464285714,0.05006875797193878,64644,0.322086256377551,NonCracks
IMG_8770 resized_448.jpg,142.94184470663265,31.768498392148715,0.00046336894132653064,0.06007852359693878,63135,0.31456772161989793,NonCracks
IMG_8771 resized_448.jpg,151.46443518813774,28.818398297074484,0.0,0.06685965401785714,54900,0.27353714923469385,NonCracks
IMG_8772 resized_448.jpg,158.35737205038265,32.135659159043676,3.487723214285714e-05,0.10854791135204081,64321,0.3204769212372449,NonCracks
IMG_8773 resized_448.jpg,168.7526008450255,29.97163519108322,0.0,0.1580387037627551,59231,0.2951161910076531,NonCracks
IMG_8774 resized_448.jpg,168.04204201211735,26.200849808726563,0.0,0.11581234056122448,64423,0.3209851323341837,NonCracks
IMG_8775 resized_448.jpg,170.84188655931123,24.029286317016982,0.0,0.11260861766581633,57989,0.28892797353316324,NonCracks
IMG_8776 resized_448.jpg,169.50958625637756,25.58146691411677,0.0,0.11934490593112244,56581,0.2819126674107143,NonCracks
IMG_8777 resized_448.jpg,166.9728555484694,24.790676418803862,0.0001096141581632653,0.07338169642857142,57450,0.28624242665816324,NonCracks
IMG_8778 resized_448.jpg,165.15879603794642,22.807803718301766,0.0,0.06049705038265306,49272,0.24549585459183673,NonCracks
IMG_8779 resized_448.jpg,129.5333177216199,22.47184556050053,0.00020926339285714285,0.012212013711734694,49732,0.24778778698979592,NonCracks
IMG_8781 resized_448.jpg,171.80966497927295,23.857678959274857,0.0,0.10232481664540816,54907,0.27357202646683676,NonCracks
IMG_8784 resized_448.jpg,151.58616171077807,38.36333011203842,6.975446428571428e-05,0.12590680803571427,73513,0.366275709502551,NonCracks
IMG_8785 resized_448.jpg,156.6387316645408,31.091532612737623,1.992984693877551e-05,0.09372508769132654,59834,0.29812061543367346,NonCracks
IMG_8786 resized_448.jpg,155.83780094068877,29.445915351071697,0.00039361447704081633,0.07244001116071429,52337,0.26076709980867346,NonCracks
IMG_8787 resized_448.jpg,159.50993502869898,23.46487009330032,4.982461734693877e-06,0.04855907206632653,58131,0.2896354830994898,NonCracks
IMG_8788 resized_448.jpg,160.81187220982142,22.35592810150337,0.0,0.04985451211734694,52332,0.2607421875,NonCracks
IMG_8789 resized_448.jpg,167.40443140146684,23.8006507611815,1.4947385204081632e-05,0.07928591358418367,57245,0.285221022002551,NonCracks
IMG_8790 resized_448.jpg,172.86552834024235,22.388338304703915,0.0,0.0955337213010204,53596,0.2670400191326531,NonCracks
IMG_8791 resized_448.jpg,172.17047492825256,21.49242789712959,0.0,0.08725286989795919,45356,0.2259845344387755,NonCracks
IMG_8792 resized_448.jpg,167.79031309789542,21.515582080790097,0.0,0.0684390943877551,41939,0.20895946269132654,NonCracks
IMG_8793 resized_448.jpg,169.97478874362244,23.882743673779398,4.982461734693877e-06,0.0945571588010204,50803,0.2531240035076531,NonCracks
IMG_8794 resized_448.jpg,177.29342215401786,18.482180204511703,0.0,0.09661491549744898,40209,0.20033980389030612,NonCracks
IMG_8795 resized_448.jpg,180.81593789859693,18.2452711509875,0.0,0.11829858896683673,41913,0.2088299186862245,NonCracks
IMG_8796 resized_448.jpg,169.9021544164541,19.677638963795548,0.0,0.06663046077806123,48630,0.24229711415816327,NonCracks
IMG_8798 resized_448.jpg,169.01444415656889,22.716094994764727,0.0,0.07892717633928571,56403,0.28102578922193877,NonCracks
IMG_8799 resized_448.jpg,162.810546875,24.08289416135231,9.964923469387754e-06,0.06070133131377551,61121,0.30453304368622447,NonCracks
IMG_8800 resized_448.jpg,161.70351861447705,23.769524365456725,4.982461734693877e-06,0.05499143016581633,60440,0.30113998724489793,NonCracks
IMG_8801 resized_448.jpg,166.0804219148597,19.50376572717225,0.0,0.04821029974489796,31070,0.15480508609693877,NonCracks
IMG_8802 resized_448.jpg,167.43720603475765,22.34959234482346,0.0,0.06953025350765306,56648,0.28224649234693877,NonCracks
IMG_8803 resized_448.jpg,164.55684988839286,23.590090579710363,2.491230867346939e-05,0.06051698022959184,61267,0.3052604830994898,NonCracks
IMG_8804 resized_448.jpg,165.41616509885205,20.74495682298564,0.0,0.05082609215561224,47919,0.23875458386479592,NonCracks
IMG_8805 resized_448.jpg,172.92919423628825,20.764235686248306,0.0,0.08351104113520408,51695,0.257568359375,NonCracks
IMG_8806 resized_448.jpg,171.9464036591199,21.47817575962312,0.0,0.07922114158163265,54618,0.2721320950255102,NonCracks
IMG_8807 resized_448.jpg,170.90796894929846,21.065083636132332,4.982461734693877e-06,0.07383510044642858,46959,0.2339714205994898,NonCracks
IMG_8808 resized_448.jpg,170.0760871731505,23.647358203146847,4.982461734693877e-06,0.08559371014030612,58644,0.29219148596938777,NonCracks
IMG_8809 resized_448.jpg,166.36019710618623,23.27937189283381,0.0,0.06243522799744898,60291,0.30039760044642855,NonCracks
IMG_8810 resized_448.jpg,163.8752889827806,23.678422711506485,4.982461734693877e-06,0.05521564094387755,61128,0.3045679209183674,NonCracks
IMG_8811 resized_448.jpg,165.5817323022959,22.695807003257304,0.0,0.05747767857142857,56825,0.2831283880739796,NonCracks
IMG_8812 resized_448.jpg,173.89439672353316,21.7564339536625,0.0,0.10134825414540816,52911,0.26362703284438777,NonCracks
IMG_8813 resized_448.jpg,172.41713169642858,23.22624431576959,4.982461734693877e-06,0.10062579719387756,61865,0.30823999521683676,NonCracks
IMG_8814 resized_448.jpg,173.59055125956633,21.11605730913157,0.0,0.09742207429846939,50406,0.2511459661989796,NonCracks
IMG_8815 resized_448.jpg,160.70417629942602,23.584213957142026,1.4947385204081632e-05,0.04223134566326531,63098,0.3143833705357143,NonCracks
IMG_8816 resized_448.jpg,160.57644591039542,23.40792256692292,9.964923469387754e-06,0.04267478475765306,62590,0.3118522799744898,NonCracks
IMG_8817 resized_448.jpg,161.07230548469389,23.681709088206436,1.4947385204081632e-05,0.043531768176020405,63962,0.3186882174744898,NonCracks
IMG_8818 resized_448.jpg,174.13759068080358,19.65116725511613,0.0,0.07996352838010204,49258,0.24542610012755103,NonCracks
IMG_8819 resized_448.jpg,177.06367087850765,19.621470620837673,0.0,0.10281309789540816,45580,0.22710060586734693,NonCracks
IMG_8820 resized_448.jpg,170.0489576690051,22.034751375175038,0.0,0.0753597337372449,58840,0.29316804846938777,NonCracks
IMG_8821 resized_448.jpg,170.11802455357142,21.859628372203076,0.0,0.07514548788265306,56503,0.28152403539540816,NonCracks
IMG_8822 resized_448.jpg,170.82678471779337,20.611570541231213,0.0,0.07341657366071429,51742,0.2578025350765306,NonCracks
IMG_8823 resized_448.jpg,170.72641302614795,21.639772456506947,4.982461734693877e-06,0.07868303571428571,54219,0.2701440927933674,NonCracks
IMG_8824 resized_448.jpg,167.01984514508928,21.82976782599827,0.0,0.06390007174744898,56616,0.28208705357142855,NonCracks
IMG_8825 resized_448.jpg,165.06313775510205,22.22519657135478,4.982461734693877e-06,0.057562380420918366,57151,0.2847526705994898,NonCracks
